{"cameraMode":{"drawMode":0,"name":"Shaded","section":"Shading Mode"},"sceneLighting":false,"audioPlay":false,"sceneViewState":{"showFog":true,"showMaterialUpdate":false,"showSkybox":true,"showFlares":true,"showImageEffects":true,"showParticleSystems":true},"in2DMode":false,"pivot":{"x":8.058481216430664,"y":1.4566251039505005,"z":-25.075986862182618},"rotation":{"x":-0.04576415941119194,"y":-0.9476399421691895,"z":0.27332910895347597,"w":-0.158665269613266},"size":3.141950845718384,"orthographic":false}