{"cameraMode":{"drawMode":0,"name":"Shaded","section":"Shading Mode"},"sceneLighting":false,"audioPlay":false,"sceneViewState":{"showFog":true,"showMaterialUpdate":false,"showSkybox":true,"showFlares":true,"showImageEffects":true,"showParticleSystems":true},"in2DMode":false,"pivot":{"x":9.069992065429688,"y":0.7320001125335693,"z":-25.50982093811035},"rotation":{"x":-0.31853237748146059,"y":-0.3853912055492401,"z":0.14375321567058564,"w":-0.8540263175964356},"size":5.848945617675781,"orthographic":false}