{"cameraMode":{"drawMode":0,"name":"Shaded","section":"Shading Mode"},"sceneLighting":false,"audioPlay":false,"sceneViewState":{"showFog":true,"showMaterialUpdate":false,"showSkybox":true,"showFlares":true,"showImageEffects":true,"showParticleSystems":true},"in2DMode":false,"pivot":{"x":-0.09674477577209473,"y":2.377365827560425,"z":1.610645055770874},"rotation":{"x":0.163715198636055,"y":-0.8307248950004578,"z":0.31981927156448367,"w":0.4252352714538574},"size":4.845234394073486,"orthographic":false}