{"cameraMode":{"drawMode":0,"name":"Shaded","section":"Shading Mode"},"sceneLighting":false,"audioPlay":false,"sceneViewState":{"showFog":true,"showMaterialUpdate":false,"showSkybox":true,"showFlares":true,"showImageEffects":true,"showParticleSystems":true},"in2DMode":false,"pivot":{"x":-5.526886940002441,"y":-0.026217937469482423,"z":-6.682159900665283},"rotation":{"x":-0.1465940922498703,"y":-0.8505285978317261,"z":0.3172350823879242,"w":-0.3930501639842987},"size":5.722412586212158,"orthographic":false}