{"cameraMode":{"drawMode":0,"name":"Shaded","section":"Shading Mode"},"sceneLighting":false,"audioPlay":false,"sceneViewState":{"showFog":true,"showMaterialUpdate":false,"showSkybox":true,"showFlares":true,"showImageEffects":true,"showParticleSystems":true},"in2DMode":false,"pivot":{"x":-1.442514419555664,"y":1.600985050201416,"z":-0.6760094165802002},"rotation":{"x":-0.06884249299764633,"y":-0.897904634475708,"z":0.40746062994003298,"w":-0.15172119438648225},"size":3.9452340602874758,"orthographic":false}