{"cameraMode":{"drawMode":0,"name":"Shaded","section":"Shading Mode"},"sceneLighting":false,"audioPlay":false,"sceneViewState":{"showFog":true,"showMaterialUpdate":false,"showSkybox":true,"showFlares":true,"showImageEffects":true,"showParticleSystems":true},"in2DMode":false,"pivot":{"x":-2.440000057220459,"y":1.333000898361206,"z":-4.760000228881836},"rotation":{"x":-0.28809115290641787,"y":-0.45915552973747256,"z":0.1603630781173706,"w":-0.8249109387397766},"size":2.9017128944396974,"orthographic":false}