{"cameraMode":{"drawMode":0,"name":"Shaded","section":"Shading Mode"},"sceneLighting":false,"audioPlay":false,"sceneViewState":{"showFog":true,"showMaterialUpdate":false,"showSkybox":true,"showFlares":true,"showImageEffects":true,"showParticleSystems":true},"in2DMode":false,"pivot":{"x":-0.17420697212219239,"y":-0.00918489694595337,"z":-0.13662248849868775},"rotation":{"x":-0.0814228504896164,"y":-0.8808999061584473,"z":0.164398193359375,"w":-0.4363194406032562},"size":1.8452343940734864,"orthographic":false}