{"cameraMode":{"drawMode":0,"name":"Shaded","section":"Shading Mode"},"sceneLighting":false,"audioPlay":false,"sceneViewState":{"showFog":true,"showMaterialUpdate":false,"showSkybox":true,"showFlares":true,"showImageEffects":true,"showParticleSystems":true},"in2DMode":false,"pivot":{"x":5.349406719207764,"y":1.4346349239349366,"z":-8.173917770385743},"rotation":{"x":-0.43500861525535586,"y":-0.31024011969566347,"z":0.16270847618579865,"w":-0.8294942378997803},"size":14.14017105102539,"orthographic":false}