{"cameraMode":{"drawMode":0,"name":"Shaded","section":"Shading Mode"},"sceneLighting":false,"audioPlay":false,"sceneViewState":{"showFog":true,"showMaterialUpdate":false,"showSkybox":true,"showFlares":true,"showImageEffects":true,"showParticleSystems":true},"in2DMode":false,"pivot":{"x":2.9607410430908205,"y":0.6239607930183411,"z":-24.706501007080079},"rotation":{"x":-0.5066992044448853,"y":0.1326168030500412,"z":-0.07921155542135239,"w":-0.8481807708740234},"size":15.684189796447754,"orthographic":false}