{"cameraMode":{"drawMode":0,"name":"Shaded","section":"Shading Mode"},"sceneLighting":false,"audioPlay":false,"sceneViewState":{"showFog":true,"showMaterialUpdate":false,"showSkybox":true,"showFlares":true,"showImageEffects":true,"showParticleSystems":true},"in2DMode":false,"pivot":{"x":0.6569344997406006,"y":-0.010901331901550293,"z":-1.3371367454528809},"rotation":{"x":-0.01567336544394493,"y":-0.9775962829589844,"z":0.19460980594158173,"w":-0.07875815033912659},"size":5.14523458480835,"orthographic":false}