{"cameraMode":{"drawMode":0,"name":"Shaded","section":"Shading Mode"},"sceneLighting":false,"audioPlay":false,"sceneViewState":{"showFog":true,"showMaterialUpdate":false,"showSkybox":true,"showFlares":true,"showImageEffects":true,"showParticleSystems":true},"in2DMode":false,"pivot":{"x":0.01092618703842163,"y":0.3865330219268799,"z":-0.03343287110328674},"rotation":{"x":-0.31551802158355715,"y":-0.6090462803840637,"z":0.28748491406440737,"w":-0.6684905886650086},"size":4.273789882659912,"orthographic":false}