{"cameraMode":{"drawMode":0,"name":"Shaded","section":"Shading Mode"},"sceneLighting":false,"audioPlay":false,"sceneViewState":{"showFog":true,"showMaterialUpdate":false,"showSkybox":true,"showFlares":true,"showImageEffects":true,"showParticleSystems":true},"in2DMode":false,"pivot":{"x":-1.3524870872497559,"y":-1.2502508163452149,"z":0.36595726013183596},"rotation":{"x":0.05889386311173439,"y":-0.939996600151062,"z":0.2601511478424072,"w":0.2127791792154312},"size":5.283286094665527,"orthographic":false}