{"cameraMode":{"drawMode":0,"name":"Shaded","section":"Shading Mode"},"sceneLighting":false,"audioPlay":false,"sceneViewState":{"showFog":true,"showMaterialUpdate":false,"showSkybox":true,"showFlares":true,"showImageEffects":true,"showParticleSystems":true},"in2DMode":false,"pivot":{"x":0.0,"y":0.44600003957748415,"z":1.7626432180404664},"rotation":{"x":-0.022284995764493943,"y":-0.9589357972145081,"z":0.2715991139411926,"w":-0.0787033960223198},"size":4.545234203338623,"orthographic":false}