{"cameraMode":{"drawMode":0,"name":"Shaded","section":"Shading Mode"},"sceneLighting":false,"audioPlay":false,"sceneViewState":{"showFog":true,"showMaterialUpdate":false,"showSkybox":true,"showFlares":true,"showImageEffects":true,"showParticleSystems":true},"in2DMode":false,"pivot":{"x":-1.4481539726257325,"y":-0.02200460433959961,"z":-3.706742286682129},"rotation":{"x":-0.15584884583950044,"y":-0.5845841765403748,"z":0.11564969271421433,"w":-0.7877805829048157},"size":6.955706596374512,"orthographic":false}