{"cameraMode":{"drawMode":0,"name":"Shaded","section":"Shading Mode"},"sceneLighting":false,"audioPlay":false,"sceneViewState":{"showFog":true,"showMaterialUpdate":false,"showSkybox":true,"showFlares":true,"showImageEffects":true,"showParticleSystems":true},"in2DMode":false,"pivot":{"x":0.5502779483795166,"y":-1.7393765449523926,"z":3.784864902496338},"rotation":{"x":0.2323952317237854,"y":-0.7498570084571838,"z":0.521648108959198,"w":0.33406195044517519},"size":7.7694525718688969,"orthographic":false}