{"cameraMode":{"drawMode":0,"name":"Shaded","section":"Shading Mode"},"sceneLighting":false,"audioPlay":false,"sceneViewState":{"showFog":true,"showMaterialUpdate":false,"showSkybox":true,"showFlares":true,"showImageEffects":true,"showParticleSystems":true},"in2DMode":false,"pivot":{"x":-3.8058419227600099,"y":0.2599508762359619,"z":-4.77419900894165},"rotation":{"x":-0.2013784945011139,"y":-0.598990797996521,"z":0.15902858972549439,"w":-0.7585391402244568},"size":5.124189376831055,"orthographic":false}