{"cameraMode":{"drawMode":0,"name":"Shaded","section":"Shading Mode"},"sceneLighting":false,"audioPlay":false,"sceneViewState":{"showFog":true,"showMaterialUpdate":false,"showSkybox":true,"showFlares":true,"showImageEffects":true,"showParticleSystems":true},"in2DMode":false,"pivot":{"x":0.01092618703842163,"y":0.3865330219268799,"z":-0.03343287110328674},"rotation":{"x":-0.28809115290641787,"y":-0.45915552973747256,"z":0.1603630781173706,"w":-0.8249109387397766},"size":4.273789882659912,"orthographic":false}