{"cameraMode":{"drawMode":0,"name":"Shaded","section":"Shading Mode"},"sceneLighting":false,"audioPlay":false,"sceneViewState":{"showFog":true,"showMaterialUpdate":false,"showSkybox":true,"showFlares":true,"showImageEffects":true,"showParticleSystems":true},"in2DMode":false,"pivot":{"x":-3.9096271991729738,"y":0.023274898529052736,"z":-4.567302703857422},"rotation":{"x":-0.1226235181093216,"y":-0.8756129145622253,"z":0.35870835185050967,"w":-0.2993253469467163},"size":4.199516773223877,"orthographic":false}