{"cameraMode":{"drawMode":0,"name":"Shaded","section":"Shading Mode"},"sceneLighting":false,"audioPlay":false,"sceneViewState":{"showFog":true,"showMaterialUpdate":false,"showSkybox":true,"showFlares":true,"showImageEffects":true,"showParticleSystems":true},"in2DMode":false,"pivot":{"x":0.0893319845199585,"y":-0.08990049362182617,"z":-0.644592821598053},"rotation":{"x":-0.3401261866092682,"y":-0.619280993938446,"z":0.33912989497184756,"w":-0.6211379766464233},"size":2.6084892749786379,"orthographic":false}