{"cameraMode":{"drawMode":0,"name":"Shaded","section":"Shading Mode"},"sceneLighting":false,"audioPlay":false,"sceneViewState":{"showFog":true,"showMaterialUpdate":false,"showSkybox":true,"showFlares":true,"showImageEffects":true,"showParticleSystems":true},"in2DMode":false,"pivot":{"x":-3.668538808822632,"y":0.36000001430511477,"z":-5.688597679138184},"rotation":{"x":-0.1465940922498703,"y":-0.8505285978317261,"z":0.3172350823879242,"w":-0.3930501639842987},"size":3.4147348403930666,"orthographic":false}