{"cameraMode":{"drawMode":0,"name":"Shaded","section":"Shading Mode"},"sceneLighting":false,"audioPlay":false,"sceneViewState":{"showFog":true,"showMaterialUpdate":false,"showSkybox":true,"showFlares":true,"showImageEffects":true,"showParticleSystems":true},"in2DMode":false,"pivot":{"x":-3.841942548751831,"y":-0.07531285285949707,"z":-5.176602840423584},"rotation":{"x":-0.23143556714057923,"y":-0.756331741809845,"z":0.3476121127605438,"w":-0.503555417060852},"size":4.199516773223877,"orthographic":false}