{"cameraMode":{"drawMode":0,"name":"Shaded","section":"Shading Mode"},"sceneLighting":false,"audioPlay":false,"sceneViewState":{"showFog":true,"showMaterialUpdate":false,"showSkybox":true,"showFlares":true,"showImageEffects":true,"showParticleSystems":true},"in2DMode":false,"pivot":{"x":4.985774517059326,"y":1.01511812210083,"z":10.734868049621582},"rotation":{"x":-0.4663808345794678,"y":-0.2967960238456726,"z":0.1696629524230957,"w":-0.8158540725708008},"size":5.560728073120117,"orthographic":false}