{"cameraMode":{"drawMode":0,"name":"Shaded","section":"Shading Mode"},"sceneLighting":false,"audioPlay":false,"sceneViewState":{"showFog":true,"showMaterialUpdate":false,"showSkybox":true,"showFlares":true,"showImageEffects":true,"showParticleSystems":true},"in2DMode":false,"pivot":{"x":0.07306051254272461,"y":-0.39380979537963869,"z":-0.9484680891036987},"rotation":{"x":-0.09401091188192368,"y":-0.8896690607070923,"z":0.39283978939056399,"w":-0.21290716528892518},"size":4.814308166503906,"orthographic":false}