{"cameraMode":{"drawMode":0,"name":"Shaded","section":"Shading Mode"},"sceneLighting":false,"audioPlay":false,"sceneViewState":{"showFog":true,"showMaterialUpdate":false,"showSkybox":true,"showFlares":true,"showImageEffects":true,"showParticleSystems":true},"in2DMode":false,"pivot":{"x":-0.5871495604515076,"y":0.498272180557251,"z":-1.0672343969345093},"rotation":{"x":-0.06884249299764633,"y":-0.897904634475708,"z":0.40746062994003298,"w":-0.15172119438648225},"size":4.230478286743164,"orthographic":false}