{"cameraMode":{"drawMode":0,"name":"Shaded","section":"Shading Mode"},"sceneLighting":false,"audioPlay":false,"sceneViewState":{"showFog":true,"showMaterialUpdate":false,"showSkybox":true,"showFlares":true,"showImageEffects":true,"showParticleSystems":true},"in2DMode":false,"pivot":{"x":-4.725836277008057,"y":-0.3884744644165039,"z":-3.6927595138549806},"rotation":{"x":-0.28809115290641787,"y":-0.45915552973747256,"z":0.1603630781173706,"w":-0.8249109387397766},"size":7.901651859283447,"orthographic":false}