{"cameraMode":{"drawMode":0,"name":"Shaded","section":"Shading Mode"},"sceneLighting":false,"audioPlay":false,"sceneViewState":{"showFog":true,"showMaterialUpdate":false,"showSkybox":true,"showFlares":true,"showImageEffects":true,"showParticleSystems":true},"in2DMode":false,"pivot":{"x":0.0035454630851745607,"y":0.17967236042022706,"z":0.00520816445350647},"rotation":{"x":-0.06884249299764633,"y":-0.897904634475708,"z":0.40746062994003298,"w":-0.15172119438648225},"size":1.6913892030715943,"orthographic":false}