{"cameraMode":{"drawMode":0,"name":"Shaded","section":"Shading Mode"},"sceneLighting":false,"audioPlay":false,"sceneViewState":{"showFog":true,"showMaterialUpdate":false,"showSkybox":true,"showFlares":true,"showImageEffects":true,"showParticleSystems":true},"in2DMode":false,"pivot":{"x":1461.5262451171875,"y":472.87091064453127,"z":109.05233764648438},"rotation":{"x":-0.004254801198840141,"y":-0.9439014792442322,"z":0.32998016476631167,"w":-0.01217065379023552},"size":322.8909912109375,"orthographic":false}