{"cameraMode":{"drawMode":0,"name":"Shaded","section":"Shading Mode"},"sceneLighting":false,"audioPlay":false,"sceneViewState":{"showFog":true,"showMaterialUpdate":false,"showSkybox":true,"showFlares":true,"showImageEffects":true,"showParticleSystems":true},"in2DMode":false,"pivot":{"x":4.400000095367432,"y":-1.0,"z":13.300000190734864},"rotation":{"x":-0.14655476808547975,"y":-0.8351810574531555,"z":0.45768293738365176,"w":-0.26743319630622866},"size":19.161645889282228,"orthographic":false}