{"cameraMode":{"drawMode":0,"name":"Shaded","section":"Shading Mode"},"sceneLighting":false,"audioPlay":false,"sceneViewState":{"showFog":true,"showMaterialUpdate":false,"showSkybox":true,"showFlares":true,"showImageEffects":true,"showParticleSystems":true},"in2DMode":false,"pivot":{"x":18.657739639282228,"y":0.3377911448478699,"z":-22.85089874267578},"rotation":{"x":-0.004254801198840141,"y":-0.9439014792442322,"z":0.32998016476631167,"w":-0.01217065379023552},"size":22.0,"orthographic":false}