{"cameraMode":{"drawMode":0,"name":"Shaded","section":"Shading Mode"},"sceneLighting":false,"audioPlay":false,"sceneViewState":{"showFog":true,"showMaterialUpdate":false,"showSkybox":true,"showFlares":true,"showImageEffects":true,"showParticleSystems":true},"in2DMode":false,"pivot":{"x":-3.1625277996063234,"y":-0.2854933738708496,"z":-5.150103569030762},"rotation":{"x":-0.10627886652946472,"y":-0.8612388968467712,"z":0.20148128271102906,"w":-0.45429039001464846},"size":3.9452340602874758,"orthographic":false}