{"cameraMode":{"drawMode":0,"name":"Shaded","section":"Shading Mode"},"sceneLighting":false,"audioPlay":false,"sceneViewState":{"showFog":true,"showMaterialUpdate":false,"showSkybox":true,"showFlares":true,"showImageEffects":true,"showParticleSystems":true},"in2DMode":false,"pivot":{"x":0.0,"y":0.7360000610351563,"z":3.6976430416107179},"rotation":{"x":-0.11181744188070297,"y":-0.8600779175758362,"z":0.44941166043281557,"w":-0.2140302211046219},"size":13.651264190673829,"orthographic":false}