{"cameraMode":{"drawMode":0,"name":"Shaded","section":"Shading Mode"},"sceneLighting":false,"audioPlay":false,"sceneViewState":{"showFog":true,"showMaterialUpdate":false,"showSkybox":true,"showFlares":true,"showImageEffects":true,"showParticleSystems":true},"in2DMode":false,"pivot":{"x":-0.2966437339782715,"y":0.2164621353149414,"z":-1.0264525413513184},"rotation":{"x":0.05340935289859772,"y":-0.932375431060791,"z":0.32249003648757937,"w":0.15440058708190919},"size":9.37061882019043,"orthographic":false}