{"cameraMode":{"drawMode":0,"name":"Shaded","section":"Shading Mode"},"sceneLighting":false,"audioPlay":false,"sceneViewState":{"showFog":true,"showMaterialUpdate":false,"showSkybox":true,"showFlares":true,"showImageEffects":true,"showParticleSystems":true},"in2DMode":false,"pivot":{"x":3.5956671237945558,"y":1.687356948852539,"z":-5.158400535583496},"rotation":{"x":0.35319605469703677,"y":0.36129748821258547,"z":-0.15016202628612519,"w":0.8498058319091797},"size":11.110883712768555,"orthographic":false}